{
 "catalog_id": "GW190412",
 "gracedb_event": "G329515",
 "pipeline": "pycbc",
 "mchirp": 17.2246140595053,
 "bay_dist": 790.8736119623974,
 "bay_std": 171.3944599531901,
 "eff_dist": {
  "V1": 3128.9182,
  "H1": 1316.2677,
  "L1": 1013.3285
 },
 "coinc_snr": 17.9069871516682
}