{
 "catalog_id": "GW190408_181802",
 "gracedb_event": "G329276",
 "pipeline": "pycbc",
 "mchirp": 19.1145113696079,
 "bay_dist": 1115.647886814542,
 "bay_std": 271.2969726882826,
 "eff_dist": {
  "V1": 4227.4305,
  "H1": 1336.1241,
  "L1": 1664.1692
 },
 "coinc_snr": 13.8584748710526
}