{
 "catalog_id": "GW190421_213856",
 "gracedb_event": "G330308",
 "pipeline": "pycbc",
 "mchirp": 40.4911182684116,
 "bay_dist": 2281.323293348084,
 "bay_std": 696.6227913016409,
 "eff_dist": {
  "H1": 2856.0722,
  "L1": 4498.5014
 },
 "coinc_snr": 10.1776742421259
}