{
 "catalog_id": "GW190426_152155",
 "gracedb_event": "G330694",
 "pipeline": "pycbc",
 "mchirp": 2.60237442209264,
 "bay_dist": 394.2499591252387,
 "bay_std": 119.068921637104,
 "eff_dist": {
  "V1": 1298.5436,
  "H1": 457.04328,
  "L1": 619.54332
 },
 "coinc_snr": 9.4475506204426
}