{
 "catalog_id": "GW190503_185404",
 "gracedb_event": "G331327",
 "pipeline": "pycbc",
 "mchirp": 34.291865382873,
 "bay_dist": 1269.547263601328,
 "bay_std": 327.8693673608213,
 "eff_dist": {
  "V1": 7087.106,
  "H1": 2344.9838,
  "L1": 3162.6182
 },
 "coinc_snr": 12.5245742173545
}