{
 "catalog_id": "GW190512_180714",
 "gracedb_event": "G332191",
 "pipeline": "pycbc",
 "mchirp": 17.8325495952047,
 "bay_dist": 1330.935419251897,
 "bay_std": 340.8756980683732,
 "eff_dist": {
  "V1": 5726.4668,
  "H1": 2371.7249,
  "L1": 1654.8153
 },
 "coinc_snr": 12.6359374816786
}