{
 "catalog_id": "GW190517_055101",
 "gracedb_event": "G333141",
 "pipeline": "pycbc",
 "mchirp": 37.7053949170558,
 "bay_dist": 2969.011638123161,
 "bay_std": 1024.001958757113,
 "eff_dist": {
  "V1": 8655.8526,
  "H1": 4779.9907,
  "L1": 5539.5665
 },
 "coinc_snr": 10.4686524923173
}