{
 "catalog_id": "GW190519_153544",
 "gracedb_event": "G333462",
 "pipeline": "pycbc",
 "mchirp": 55.3207117665816,
 "bay_dist": 3153.537817294121,
 "bay_std": 790.9889479016567,
 "eff_dist": {
  "V1": 16601.29,
  "H1": 3926.8637,
  "L1": 4287.0569
 },
 "coinc_snr": 14.0014035762689
}