{
 "catalog_id": "GW190521",
 "gracedb_event": "G333631",
 "pipeline": "pycbc",
 "mchirp": 32.9634879273102,
 "bay_dist": 662.5815941269577,
 "bay_std": 156.3698973584574,
 "eff_dist": {
  "V1": 2232.6664,
  "H1": 834.84244,
  "L1": 901.12516
 },
 "coinc_snr": 14.4880108574847
}