{
 "catalog_id": "GW190521_074359",
 "gracedb_event": "G333674",
 "pipeline": "pycbc",
 "mchirp": 38.9813302808513,
 "bay_dist": 1136.130182737027,
 "bay_std": 279.25779573658,
 "eff_dist": {
  "H1": 2267.8998,
  "L1": 1692.091
 },
 "coinc_snr": 24.460311739101
}