{
 "catalog_id": "GW190602_175927",
 "gracedb_event": "G334993",
 "pipeline": "pycbc",
 "mchirp": 29.4329846544263,
 "bay_dist": 797.3368395815085,
 "bay_std": 238.4877953139473,
 "eff_dist": {
  "V1": 3055.5795,
  "H1": 1523.5642,
  "L1": 1385.3768
 },
 "coinc_snr": 12.4911164130102
}