{
 "catalog_id": "GW190701_203306",
 "gracedb_event": "G337515",
 "pipeline": "pycbc",
 "mchirp": 37.59324842206272,
 "bay_dist": 1044.739635200815,
 "bay_std": 233.8911055713321,
 "eff_dist": {
  "V1": 1513.9251,
  "H1": 2773.1166,
  "L1": 2528.3877
 },
 "coinc_snr": 11.482555631147
}