{
 "catalog_id": "GW190706_222641",
 "gracedb_event": "G337913",
 "pipeline": "pycbc",
 "mchirp": 75.43514626963615,
 "bay_dist": 5725.055292926316,
 "bay_std": 1445.524202552835,
 "eff_dist": {
  "V1": 9942.4849,
  "H1": 5961.0332,
  "L1": 8506.4713
 },
 "coinc_snr": 12.66712544693487
}