{
 "catalog_id": "GW190707_093326",
 "gracedb_event": "G337998",
 "pipeline": "pycbc",
 "mchirp": 9.833482486907853,
 "bay_dist": 793.1115954272184,
 "bay_std": 231.6934812849036,
 "eff_dist": {
  "H1": 1137.4074,
  "L1": 1164.1262
 },
 "coinc_snr": 12.61121993889905
}