{
 "catalog_id": "GW190720_000836",
 "gracedb_event": "G344656",
 "pipeline": "pycbc",
 "mchirp": 10.42246348492595,
 "bay_dist": 1070.891169433053,
 "bay_std": 323.3346851092403,
 "eff_dist": {
  "H1": 1454.5483,
  "L1": 1539.331
 },
 "coinc_snr": 10.78947371214593
}