{
 "catalog_id": "GW190727_060333",
 "gracedb_event": "G345189",
 "pipeline": "pycbc",
 "mchirp": 39.99946875074102,
 "bay_dist": 2742.155608474886,
 "bay_std": 695.6098493271783,
 "eff_dist": {
  "V1": 3559.4888,
  "H1": 3294.7509,
  "L1": 4005.7802
 },
 "coinc_snr": 11.96852813713797
}