{
 "catalog_id": "GW190814",
 "gracedb_event": "G347304",
 "pipeline": "pycbc",
 "mchirp": 6.328123231937028,
 "bay_dist": 291.3733455415111,
 "bay_std": 57.99398189472703,
 "eff_dist": {
  "H1": 487.567,
  "L1": 351.244
 },
 "coinc_snr": 22.54412982060714
}