{
 "catalog_id": "GW190828_063405",
 "gracedb_event": "G348505",
 "pipeline": "pycbc",
 "mchirp": 33.00100044724054,
 "bay_dist": 1919.54887263777,
 "bay_std": 523.1121026140365,
 "eff_dist": {
  "H1": 2540.1244,
  "L1": 2841.0613
 },
 "coinc_snr": 14.99199360147067
}