{
 "catalog_id": "GW190828_065509",
 "gracedb_event": "G348541",
 "pipeline": "pycbc",
 "mchirp": 16.56630869089851,
 "bay_dist": 1584.826460859824,
 "bay_std": 418.2288474819492,
 "eff_dist": {
  "V1": 1980.4408,
  "H1": 1866.628,
  "L1": 2111.4705
 },
 "coinc_snr": 11.00354528476776
}