{
 "catalog_id": "GW190924_021846",
 "gracedb_event": "G351437",
 "pipeline": "pycbc",
 "mchirp": 6.436392869227807,
 "bay_dist": 550.2844492061208,
 "bay_std": 142.6360131087108,
 "eff_dist": {
  "V1": 1002.2414,
  "H1": 1188.3325,
  "L1": 779.53966
 },
 "coinc_snr": 12.72968478355741
}