{
 "catalog_id": "S190923y",
 "gracedb_event": "G351318",
 "pipeline": "pycbc",
 "mchirp": 3.314204427433734,
 "bay_dist": 438.0859633620875,
 "bay_std": 132.9491079196519,
 "eff_dist": {
  "H1": 613.45385,
  "L1": 558.82762
 },
 "coinc_snr": 9.449054660747777
}