{
 "catalog_id": "GW190930_133541",
 "gracedb_event": "G352016",
 "pipeline": "pycbc",
 "mchirp": 9.928869115368318,
 "bay_dist": 869.1264285620423,
 "bay_std": 265.0890668551937,
 "eff_dist": {
  "H1": 1639.7048,
  "L1": 1580.2362
 },
 "coinc_snr": 9.539862177033896
}